time,year,month,temperature
2016-07-21,2016,7,26.3
2016-07-22,2016,7,28.3
2016-07-23,2016,7,30.8
2016-07-24,2016,7,29.1
2016-07-25,2016,7,27.0
2016-07-26,2016,7,28.0
2016-07-27,2016,7,28.7
2016-07-28,2016,7,27.7
2016-07-29,2016,7,25.5
2016-07-30,2016,7,25.3
2016-07-31,2016,7,24.9
2016-08-01,2016,8,23.5
2016-08-02,2016,8,23.7
2016-08-03,2016,8,24.1
2016-08-04,2016,8,24.3
2016-08-05,2016,8,25.0
2016-08-06,2016,8,26.5
2016-08-09,2016,8,26.5
2016-08-10,2016,8,27.6
2016-08-11,2016,8,29.2
2016-08-12,2016,8,29.0
2016-08-14,2016,8,31.1
2016-08-16,2016,8,28.7
2016-08-17,2016,8,28.3
2016-08-18,2016,8,27.1
2016-08-19,2016,8,27.9
2016-08-20,2016,8,26.8
2016-08-21,2016,8,27.0
2016-08-22,2016,8,24.8
2016-08-23,2016,8,24.1
2016-08-24,2016,8,25.3
2016-08-25,2016,8,25.5
2016-08-26,2016,8,28.8
2016-08-27,2016,8,27.9
2016-08-28,2016,8,26.5
2016-08-29,2016,8,28.1
2016-08-30,2016,8,25.9
2016-08-31,2016,8,26.3
2016-09-01,2016,9,24.0
2016-09-02,2016,9,24.5
2016-09-03,2016,9,23.2
2016-09-04,2016,9,23.6
2016-09-05,2016,9,24.3
2016-09-06,2016,9,25.0
2016-09-07,2016,9,25.7
2016-09-08,2016,9,27.0
2016-09-09,2016,9,29.5
2016-09-10,2016,9,28.5
2016-09-11,2016,9,26.8
2016-09-12,2016,9,22.4
2016-09-13,2016,9,22.9
2016-09-14,2016,9,25.1
2016-09-15,2016,9,21.5
2016-09-16,2016,9,20.5
2016-09-17,2016,9,21.5
2016-09-18,2016,9,24.5
2016-09-19,2016,9,22.8
2016-09-20,2016,9,24.4
2016-09-21,2016,9,25.6
2016-09-22,2016,9,25.2
2016-09-23,2016,9,24.8
2016-09-24,2016,9,20.1
2016-09-25,2016,9,19.0
2016-09-26,2016,9,20.0
2016-09-27,2016,9,21.2
2016-10-01,2016,10,16.5
2016-10-02,2016,10,17.2
2016-10-03,2016,10,19.5
2016-10-05,2016,10,17.5
2016-10-06,2016,10,18.7
2016-10-07,2016,10,19.6
2016-10-08,2016,10,19.1
2016-10-09,2016,10,15.8
2016-10-14,2016,10,14.7
2016-10-15,2016,10,15.2
2016-10-16,2016,10,17.2
2016-10-17,2016,10,21.5
2016-11-10,2016,11,10.9
2016-11-11,2016,11,12.2
2016-11-12,2016,11,7.9
2016-11-13,2016,11,10.5
2016-11-15,2016,11,11.1
2016-11-16,2016,11,11.9
2016-11-17,2016,11,13.5
2016-11-18,2016,11,12.6
2016-11-19,2016,11,13.2
2016-11-20,2016,11,5.0
2016-11-21,2016,11,4.8
2016-11-22,2016,11,5.1
2016-11-23,2016,11,5.9
2016-11-24,2016,11,7.9
2016-11-25,2016,11,10.2
2016-11-26,2016,11,9.1
2016-11-27,2016,11,7.8
2016-11-28,2016,11,8.3
2016-11-29,2016,11,13.4
2016-11-30,2016,11,12.6
2016-12-01,2016,12,11.1
2016-12-02,2016,12,7.8
2016-12-03,2016,12,7.7
2016-12-04,2016,12,7.0
2016-12-05,2016,12,7.3
2016-12-06,2016,12,6.8
2016-12-07,2016,12,6.7
2016-12-08,2016,12,5.2
2016-12-09,2016,12,2.6
2016-12-10,2016,12,1.0
2016-12-11,2016,12,0.4
2016-12-12,2016,12,5.6
2016-12-13,2016,12,4.8
2016-12-15,2016,12,-2.2
2016-12-17,2016,12,0.7
2016-12-18,2016,12,8.0
2016-12-19,2016,12,-0.9
2016-12-20,2016,12,-0.7
2016-12-21,2016,12,2.1
2016-12-22,2016,12,5.6
2016-12-23,2016,12,5.8
2016-12-24,2016,12,5.6
2016-12-25,2016,12,7.1
2016-12-26,2016,12,5.2
2016-12-27,2016,12,12.3
2016-12-28,2016,12,4.5
2016-12-29,2016,12,4.9
2016-12-30,2016,12,3.5
2016-12-31,2016,12,3.6
2017-01-01,2017,1,7.9
2017-01-02,2017,1,4.9
2017-01-03,2017,1,5.8
2017-01-04,2017,1,7.1
2017-01-05,2017,1,0.1
2017-01-06,2017,1,-0.1
2017-01-07,2017,1,-3.3
2017-01-08,2017,1,-4.8
2017-01-09,2017,1,-6.1
2017-01-10,2017,1,-0.3
2017-01-11,2017,1,7.8
2017-01-12,2017,1,13.5
2017-01-13,2017,1,8.9
2017-01-14,2017,1,0.2
2017-01-15,2017,1,2.0
2017-01-16,2017,1,3.1
2017-01-17,2017,1,4.3
2017-01-20,2017,1,5.7
2017-01-21,2017,1,6.8
2017-01-22,2017,1,7.4
2017-01-23,2017,1,5.1
2017-01-24,2017,1,3.9
2017-01-25,2017,1,7.1
2017-01-26,2017,1,8.4
2017-01-28,2017,1,2.8
2017-01-29,2017,1,3.9
2017-01-30,2017,1,2.2
2017-01-31,2017,1,-0.4
2017-02-01,2017,2,5.1
2017-02-02,2017,2,4.1
2017-02-03,2017,2,-0.3
2017-02-04,2017,2,-1.1
2017-02-05,2017,2,2.8
2017-02-06,2017,2,5.9
2017-02-07,2017,2,4.4
2017-02-08,2017,2,9.0
2017-02-09,2017,2,-0.5
2017-02-10,2017,2,-2.6
2017-02-11,2017,2,4.1
2017-02-12,2017,2,2.0
2017-02-13,2017,2,2.4
2017-02-14,2017,2,1.9
2017-02-15,2017,2,4.2
2017-02-16,2017,2,1.6
2017-02-17,2017,2,2.2
2017-02-18,2017,2,9.0
2017-02-19,2017,2,14.3
2017-02-20,2017,2,9.8
2017-02-23,2017,2,12.0
2017-02-24,2017,2,15.8
2017-02-25,2017,2,12.7
2017-02-26,2017,2,5.4
2017-02-27,2017,2,6.6
2017-02-28,2017,2,10.5
2017-03-01,2017,3,15.2
2017-03-02,2017,3,9.3
2017-03-03,2017,3,1.8
2017-03-04,2017,3,-2.8
2017-03-05,2017,3,-2.1
2017-03-06,2017,3,2.7
2017-03-07,2017,3,8.4
2017-03-08,2017,3,12.8
2017-03-09,2017,3,13.0
2017-03-10,2017,3,3.6
2017-03-11,2017,3,-3.1
2017-03-12,2017,3,-2.3
2017-03-13,2017,3,-1.4
2017-03-14,2017,3,-0.5
2017-03-15,2017,3,-3.3
2017-03-16,2017,3,0.6
2017-03-17,2017,3,3.3
2017-03-18,2017,3,2.8
2017-03-19,2017,3,5.6
2017-03-20,2017,3,6.8
2017-03-21,2017,3,10.1
2017-03-22,2017,3,4.1
2017-03-23,2017,3,1.4
2017-03-24,2017,3,6.8
2017-03-25,2017,3,10.5
2017-03-26,2017,3,5.1
2017-03-27,2017,3,7.0
2017-03-28,2017,3,6.7
2017-03-29,2017,3,10.2
2017-03-30,2017,3,6.9
2017-03-31,2017,3,4.8
2017-04-01,2017,4,6.2
2017-04-02,2017,4,11.3
2017-04-03,2017,4,11.5
2017-04-04,2017,4,9.4
2017-04-05,2017,4,10.1
2017-04-06,2017,4,7.4
2017-04-07,2017,4,7.8
2017-04-08,2017,4,9.3
2017-04-09,2017,4,12.1
2017-04-10,2017,4,16.5
2017-04-11,2017,4,18.9
2017-04-12,2017,4,17.5
2017-04-13,2017,4,13.9
2017-04-14,2017,4,12.9
2017-04-15,2017,4,12.9
2017-04-16,2017,4,20.4
2017-04-17,2017,4,19.4
2017-04-18,2017,4,13.2
2017-04-19,2017,4,9.2
2017-04-20,2017,4,13.0
2017-04-21,2017,4,10.9
2017-04-22,2017,4,11.7
2017-04-23,2017,4,12.2
2017-04-24,2017,4,11.9
2017-04-25,2017,4,11.5
2017-04-26,2017,4,13.6
2017-04-27,2017,4,15.8
2017-04-28,2017,4,20.0
2017-04-29,2017,4,22.8
2017-04-30,2017,4,15.4
2017-05-01,2017,5,15.6
2017-05-02,2017,5,20.5
2017-05-03,2017,5,16.6
2017-05-04,2017,5,13.3
2017-05-05,2017,5,13.4
2017-05-06,2017,5,15.4
2017-05-07,2017,5,11.7
2017-05-08,2017,5,11.8
2017-05-09,2017,5,12.9
2017-05-10,2017,5,13.6
2017-05-11,2017,5,13.1
2017-05-12,2017,5,12.7
2017-05-13,2017,5,10.4
2017-05-14,2017,5,14.0
2017-05-15,2017,5,16.4
2017-05-16,2017,5,19.8
2017-05-17,2017,5,24.5
2017-05-18,2017,5,27.6
2017-05-19,2017,5,27.6
2017-05-20,2017,5,16.6
2017-05-21,2017,5,15.7
2017-05-22,2017,5,14.4
2017-05-23,2017,5,17.4
2017-05-24,2017,5,16.8
2017-05-25,2017,5,14.5
2017-05-26,2017,5,18.3
2017-05-27,2017,5,18.9
2017-05-28,2017,5,17.8
2017-05-29,2017,5,15.0
2017-05-30,2017,5,14.3
2017-05-31,2017,5,18.7
2017-06-01,2017,6,21.4
2017-06-02,2017,6,20.7
2017-06-03,2017,6,19.3
2017-06-04,2017,6,17.9
2017-06-05,2017,6,17.7
2017-06-06,2017,6,14.3
2017-06-07,2017,6,16.1
2017-06-08,2017,6,17.3
2017-06-09,2017,6,20.9
2017-06-10,2017,6,24.4
2017-06-11,2017,6,27.1
2017-06-12,2017,6,28.4
2017-06-13,2017,6,28.8
2017-06-14,2017,6,24.1
2017-06-15,2017,6,20.9
2017-06-16,2017,6,19.1
2017-06-17,2017,6,20.4
2017-06-18,2017,6,25.0
2017-06-28,2017,6,22.3
2017-06-29,2017,6,23.8
2017-07-01,2017,7,25.4
2017-07-02,2017,7,26.6
2017-07-03,2017,7,27.2
2017-07-04,2017,7,25.8
2017-07-05,2017,7,25.0
2017-07-06,2017,7,23.1
2017-07-07,2017,7,22.9
2017-07-08,2017,7,25.1
2017-07-09,2017,7,24.8
2017-07-10,2017,7,25.0
2017-07-11,2017,7,26.4
2017-07-12,2017,7,27.9
2017-07-13,2017,7,28.1
2017-07-14,2017,7,21.0
2017-07-15,2017,7,24.9
2017-07-16,2017,7,25.7
2017-07-17,2017,7,25.8
2017-07-18,2017,7,26.7
2017-07-19,2017,7,29.0
2017-07-20,2017,7,29.5
2017-07-21,2017,7,28.9
2017-07-22,2017,7,28.8
2017-07-23,2017,7,24.3
2017-07-24,2017,7,21.1
2017-07-25,2017,7,20.2
2017-07-26,2017,7,22.3
2017-07-27,2017,7,22.8
2017-07-28,2017,7,25.4
2017-07-29,2017,7,23.4
2017-07-30,2017,7,23.9
2017-07-31,2017,7,25.7
2017-08-01,2017,8,27.4
2017-08-02,2017,8,24.7
2017-08-03,2017,8,25.3
2017-08-04,2017,8,25.3
2017-08-05,2017,8,24.2
2017-08-06,2017,8,22.4
2017-08-07,2017,8,20.8
2017-08-08,2017,8,23.1
2017-08-09,2017,8,24.8
2017-08-10,2017,8,24.5
2017-08-11,2017,8,24.0
2017-08-12,2017,8,22.8
2017-08-13,2017,8,25.9
2017-08-14,2017,8,24.9
2017-08-16,2017,8,26.3
2017-08-17,2017,8,25.3
2017-08-18,2017,8,25.0
2017-08-19,2017,8,26.9
2017-08-20,2017,8,25.9
2017-08-21,2017,8,26.1
2017-08-22,2017,8,27.3
2017-08-23,2017,8,25.7
2017-08-24,2017,8,24.3
2017-08-25,2017,8,23.1
2017-08-26,2017,8,23.1
2017-08-27,2017,8,22.7
2017-08-28,2017,8,21.6
2017-08-29,2017,8,19.3
2017-08-30,2017,8,21.7
2017-08-31,2017,8,23.2
2017-09-01,2017,9,19.1
2017-09-02,2017,9,17.9
2017-09-03,2017,9,18.7
2017-09-04,2017,9,22.1
2017-09-05,2017,9,24.5
2017-09-06,2017,9,20.3
2017-09-07,2017,9,19.5
2017-09-08,2017,9,19.4
2017-09-09,2017,9,18.4
2017-09-10,2017,9,19.6
2017-09-11,2017,9,20.7
2017-09-12,2017,9,22.2
2017-09-13,2017,9,21.9
2017-09-14,2017,9,23.6
2017-09-15,2017,9,23.9
2017-09-16,2017,9,23.5
2017-09-17,2017,9,22.9
2017-09-18,2017,9,21.8
2017-09-19,2017,9,22.7
2017-09-20,2017,9,24.2
2017-09-21,2017,9,24.7
2017-09-22,2017,9,24.4
2017-09-23,2017,9,26.2
2017-09-24,2017,9,26.7
2017-09-25,2017,9,25.5
2017-09-26,2017,9,23.6
2017-09-27,2017,9,25.7
2017-09-28,2017,9,23.6
2017-09-29,2017,9,18.0
2017-09-30,2017,9,17.2
2017-10-01,2017,10,17.4
2017-10-02,2017,10,18.9
2017-10-03,2017,10,18.6
2017-10-04,2017,10,19.4
2017-10-05,2017,10,22.5
2017-10-06,2017,10,23.0
2017-10-07,2017,10,23.1
2017-10-08,2017,10,23.5
2017-10-09,2017,10,23.3
2017-10-10,2017,10,24.2
2017-10-11,2017,10,21.6
2017-10-13,2017,10,16.5
2017-10-14,2017,10,19.8
2017-10-15,2017,10,20.6
2017-10-16,2017,10,16.1
2017-10-17,2017,10,12.4
2017-10-18,2017,10,16.3
2017-10-19,2017,10,17.9
2017-10-20,2017,10,19.5
2017-10-21,2017,10,20.1
2017-10-22,2017,10,19.1
2017-10-23,2017,10,20.0
2017-10-24,2017,10,20.8
2017-10-25,2017,10,17.7
2017-10-26,2017,10,14.0
2017-10-27,2017,10,13.7
2017-10-28,2017,10,17.3
2017-10-29,2017,10,17.8
2017-10-30,2017,10,13.4
2017-10-31,2017,10,12.3
2017-11-01,2017,11,12.4
2017-11-02,2017,11,18.9
2017-11-03,2017,11,18.7
2017-11-04,2017,11,12.4
2017-11-05,2017,11,14.5
2017-11-06,2017,11,16.2
2017-11-07,2017,11,8.8
2017-11-08,2017,11,8.7
2017-11-09,2017,11,10.8
2017-11-10,2017,11,5.0
2017-11-11,2017,11,1.9
2017-11-12,2017,11,6.0
2017-11-13,2017,11,8.2
2017-11-14,2017,11,7.1
2017-11-15,2017,11,8.7
2017-11-16,2017,11,11.3
2017-11-17,2017,11,7.7
2017-11-18,2017,11,8.1
2017-11-19,2017,11,11.4
2017-11-20,2017,11,6.6
2017-11-21,2017,11,10.3
2017-11-22,2017,11,10.1
2017-11-23,2017,11,4.3
2017-11-24,2017,11,6.6
2017-11-25,2017,11,10.0
2017-11-27,2017,11,8.2
2017-11-28,2017,11,8.6
2017-11-29,2017,11,12.0
2017-11-30,2017,11,8.7
2017-12-01,2017,12,10.0
2017-12-02,2017,12,7.8
2017-12-03,2017,12,8.8
2017-12-04,2017,12,8.9
2017-12-05,2017,12,13.2
2017-12-06,2017,12,8.2
2017-12-07,2017,12,5.9
2017-12-08,2017,12,3.5
2017-12-09,2017,12,2.2
2017-12-10,2017,12,2.3
2017-12-11,2017,12,4.0
2017-12-12,2017,12,6.6
2017-12-13,2017,12,-1.5
2017-12-14,2017,12,-0.6
2017-12-15,2017,12,-3.4
2017-12-16,2017,12,0.5
2017-12-17,2017,12,2.9
2017-12-18,2017,12,5.5
2017-12-19,2017,12,9.8
2017-12-20,2017,12,7.3
2017-12-21,2017,12,3.5
2017-12-22,2017,12,6.0
2017-12-23,2017,12,7.3
2017-12-24,2017,12,4.6
2017-12-25,2017,12,2.3
2017-12-26,2017,12,-2.0
2017-12-27,2017,12,-4.4
2017-12-28,2017,12,-7.2
2017-12-29,2017,12,-6.9
2017-12-30,2017,12,-5.3
2017-12-31,2017,12,-7.7
2018-01-01,2018,1,-8.6
2018-01-02,2018,1,-6.0
2018-01-03,2018,1,-4.0
2018-01-04,2018,1,-2.9
2018-01-05,2018,1,-8.1
2018-01-06,2018,1,-9.8
2018-01-07,2018,1,-9.1
2018-01-08,2018,1,-3.6
2018-01-09,2018,1,2.6
2018-01-10,2018,1,2.5
2018-01-11,2018,1,6.6
2018-01-12,2018,1,13.2
2018-01-13,2018,1,3.7
2018-01-14,2018,1,-5.2
2018-01-15,2018,1,-3.5
2018-01-16,2018,1,0.1
2018-01-17,2018,1,0.7
2018-01-29,2018,1,5.7
2018-01-30,2018,1,0.7
2018-01-31,2018,1,-2.2
2018-02-01,2018,2,3.5
2018-02-02,2018,2,-1.2
2018-02-03,2018,2,-3.7
2018-02-04,2018,2,3.1
2018-02-05,2018,2,1.6
2018-02-06,2018,2,0.3
2018-02-07,2018,2,2.1
2018-02-08,2018,2,-0.2
2018-02-09,2018,2,0.0
2018-02-10,2018,2,6.6
2018-02-11,2018,2,10.6
2018-02-12,2018,2,8.4
2018-02-13,2018,2,1.1
2018-02-14,2018,2,6.0
2018-02-15,2018,2,10.1
2018-02-16,2018,2,10.5
2018-02-17,2018,2,1.8
2018-02-18,2018,2,4.8
2018-02-19,2018,2,6.5
2018-02-20,2018,2,13.0
2018-02-21,2018,2,17.3
2018-02-22,2018,2,7.5
2018-02-23,2018,2,3.9
2018-02-24,2018,2,7.9
2018-02-25,2018,2,6.0
2018-02-26,2018,2,7.9
2018-02-27,2018,2,8.3
2018-02-28,2018,2,9.8
2018-03-01,2018,3,10.8
2018-03-02,2018,3,3.8
2018-03-03,2018,3,5.8
2018-03-04,2018,3,5.2
2018-03-05,2018,3,3.8
2018-03-06,2018,3,4.8
2018-03-07,2018,3,2.1
2018-03-08,2018,3,3.0
2018-03-09,2018,3,2.6
2018-03-10,2018,3,2.9
2018-03-11,2018,3,4.4
2018-03-12,2018,3,4.1
2018-03-13,2018,3,3.0
2018-03-14,2018,3,2.2
2018-03-15,2018,3,4.1
2018-03-16,2018,3,3.0
2018-03-17,2018,3,3.7
2018-03-18,2018,3,4.0
2018-03-19,2018,3,5.2
2018-03-20,2018,3,2.4
2018-03-21,2018,3,1.9
2018-03-22,2018,3,5.3
2018-03-23,2018,3,5.9
2018-03-24,2018,3,6.7
2018-03-25,2018,3,4.6
2018-03-26,2018,3,5.0
2018-03-27,2018,3,4.2
2018-03-28,2018,3,6.2
2018-03-29,2018,3,8.9
2018-03-30,2018,3,10.8
2018-03-31,2018,3,8.0
2018-04-01,2018,4,10.2
2018-04-02,2018,4,4.2
2018-04-03,2018,4,4.9
2018-04-04,2018,4,8.8
2018-04-05,2018,4,4.9
2018-04-06,2018,4,8.1
2018-04-07,2018,4,7.4
2018-04-08,2018,4,4.6
2018-04-09,2018,4,4.2
2018-04-10,2018,4,6.4
2018-04-12,2018,4,10.4
2018-04-13,2018,4,18.9
2018-04-14,2018,4,17.8
2018-04-15,2018,4,6.0
2018-04-16,2018,4,9.2
2018-04-17,2018,4,6.8
2018-04-18,2018,4,7.8
2018-04-19,2018,4,7.3
2018-04-20,2018,4,7.1
2018-04-21,2018,4,10.7
2018-04-22,2018,4,12.3
2018-04-23,2018,4,12.0
2018-04-24,2018,4,12.7
2018-04-25,2018,4,12.8
2018-04-26,2018,4,15.4
2018-04-27,2018,4,12.4
2018-04-28,2018,4,13.4
2018-04-29,2018,4,12.1
2018-04-30,2018,4,9.6
2018-05-01,2018,5,17.3
2018-05-12,2018,5,14.3
2018-05-13,2018,5,12.1
2018-05-14,2018,5,14.9
2018-05-15,2018,5,20.1
2018-05-16,2018,5,16.4
2018-05-17,2018,5,16.3
2018-05-18,2018,5,16.6
2018-05-19,2018,5,12.8
2018-05-20,2018,5,21.5
2018-05-21,2018,5,19.8
2018-05-22,2018,5,16.6
2018-05-23,2018,5,20.6
2018-05-24,2018,5,22.9
2018-05-25,2018,5,23.7
2018-05-26,2018,5,25.8
2018-05-27,2018,5,18.3
2018-05-28,2018,5,16.1
2018-05-29,2018,5,23.0
2018-05-30,2018,5,19.6
2018-05-31,2018,5,18.6
2018-06-01,2018,6,21.6
2018-06-02,2018,6,25.1
2018-06-03,2018,6,17.0
2018-06-04,2018,6,16.9
2018-06-05,2018,6,19.9
2018-06-06,2018,6,18.0
2018-06-07,2018,6,18.0
2018-06-08,2018,6,21.8
2018-06-09,2018,6,23.5
2018-06-10,2018,6,20.2
2018-06-12,2018,6,18.7
2018-06-13,2018,6,20.9
2018-06-14,2018,6,24.8
2018-06-15,2018,6,21.7
2018-06-16,2018,6,23.4
2018-06-17,2018,6,25.1
2018-06-18,2018,6,26.2
2018-06-19,2018,6,27.4
2018-06-20,2018,6,24.2
2018-06-21,2018,6,24.0
2018-06-22,2018,6,21.1
2018-06-23,2018,6,18.9
2018-06-24,2018,6,23.6
2018-06-25,2018,6,24.3
2018-06-26,2018,6,21.9
2018-06-27,2018,6,21.1
2018-06-28,2018,6,24.1
2018-06-29,2018,6,27.8
2018-06-30,2018,6,28.6
2018-07-01,2018,7,29.7
2018-07-04,2018,7,26.7
2018-07-05,2018,7,27.4
2018-07-06,2018,7,25.5
2018-07-07,2018,7,21.6
2018-07-08,2018,7,22.9
2018-07-09,2018,7,24.8
2018-07-10,2018,7,27.3
2018-07-11,2018,7,26.5
2018-07-12,2018,7,24.7
2018-07-13,2018,7,24.6
2018-07-14,2018,7,26.5
2018-07-15,2018,7,24.4
2018-07-16,2018,7,27.6
2018-07-17,2018,7,25.7
2018-08-03,2018,8,26.3
2018-08-04,2018,8,26.8
2018-08-05,2018,8,29.0
2018-08-06,2018,8,29.4
2018-08-07,2018,8,28.0
2018-08-08,2018,8,28.0
2018-08-09,2018,8,28.5
2018-08-10,2018,8,27.5
2018-08-11,2018,8,24.1
2018-08-12,2018,8,25.8
2018-08-13,2018,8,23.8
2018-08-14,2018,8,24.0
2018-08-15,2018,8,27.0
2018-08-16,2018,8,28.7
2018-08-17,2018,8,28.1
2018-08-18,2018,8,25.9
2018-08-19,2018,8,22.6
2018-08-20,2018,8,22.5
2018-08-21,2018,8,23.2
2018-08-22,2018,8,25.6
2018-08-23,2018,8,24.1
2018-08-24,2018,8,24.8
2018-08-25,2018,8,24.2
2018-08-26,2018,8,25.3
2018-08-27,2018,8,27.7
2018-08-28,2018,8,30.1
2018-08-29,2018,8,30.6
2018-08-30,2018,8,29.7
2018-08-31,2018,8,24.3
2018-09-01,2018,9,23.3
2018-09-02,2018,9,24.8
2018-09-03,2018,9,28.0
2018-09-04,2018,9,29.7
2018-09-05,2018,9,28.2
2018-09-06,2018,9,28.4
2018-09-07,2018,9,24.4
2018-09-08,2018,9,21.3
2018-09-09,2018,9,17.0
2018-09-10,2018,9,17.0
2018-09-11,2018,9,21.4
2018-09-12,2018,9,23.7
2018-09-14,2018,9,22.7
2018-09-21,2018,9,21.7
2018-09-22,2018,9,22.3
2018-09-23,2018,9,18.8
2018-09-24,2018,9,18.7
2018-09-25,2018,9,19.7
2018-09-26,2018,9,24.7
2018-09-27,2018,9,21.0
2018-09-28,2018,9,17.4
2018-09-29,2018,9,19.6
2018-09-30,2018,9,19.4
2018-10-01,2018,10,21.4
2018-10-02,2018,10,22.8
2018-10-03,2018,10,21.4
2018-10-04,2018,10,21.6
2018-10-05,2018,10,20.2
2018-10-06,2018,10,19.2
2018-10-07,2018,10,23.2
2018-10-08,2018,10,20.2
2018-10-09,2018,10,22.2
2018-10-10,2018,10,23.3
2018-10-11,2018,10,22.6
2018-10-12,2018,10,17.4
2018-10-13,2018,10,12.8
2018-10-14,2018,10,13.2
2018-10-15,2018,10,17.0
2018-10-18,2018,10,10.1
2018-10-19,2018,10,11.9
2018-10-20,2018,10,14.9
2018-10-21,2018,10,9.8
2018-10-22,2018,10,8.5
2018-10-23,2018,10,13.9
2018-10-24,2018,10,10.9
2018-10-25,2018,10,9.0
2018-10-26,2018,10,8.1
2018-10-27,2018,10,9.8
2018-10-28,2018,10,10.1
2018-10-29,2018,10,12.1
2018-10-30,2018,10,10.9
2018-10-31,2018,10,13.6
2018-11-01,2018,11,17.1
2018-11-02,2018,11,19.3
2018-11-03,2018,11,14.4
2018-11-04,2018,11,11.0
2018-11-05,2018,11,11.2
2018-11-06,2018,11,13.0
2018-11-07,2018,11,14.5
2018-11-09,2018,11,9.9
2018-11-10,2018,11,7.5
2018-11-11,2018,11,5.7
2018-11-12,2018,11,7.2
2018-11-13,2018,11,9.3
2018-11-14,2018,11,4.6
2018-11-15,2018,11,1.9
2018-11-16,2018,11,5.8
2018-11-17,2018,11,6.8
2018-11-18,2018,11,6.4
2018-11-19,2018,11,9.0
2018-11-20,2018,11,8.1
2018-11-21,2018,11,4.8
2018-11-22,2018,11,-2.6
2018-11-23,2018,11,-2.2
2018-11-24,2018,11,5.0
2018-11-25,2018,11,10.8
2018-11-26,2018,11,9.8
2018-11-27,2018,11,6.1
2018-11-28,2018,11,4.7
2018-11-29,2018,11,6.2
2018-11-30,2018,11,4.8
2018-12-01,2018,12,6.1
2018-12-02,2018,12,9.7
2018-12-03,2018,12,11.0
2018-12-04,2018,12,5.0
2018-12-05,2018,12,2.0
2018-12-06,2018,12,2.6
2018-12-07,2018,12,3.1
2018-12-08,2018,12,0.1
2018-12-09,2018,12,1.1
2018-12-10,2018,12,2.7
2018-12-11,2018,12,2.8
2018-12-12,2018,12,3.2
2018-12-13,2018,12,3.4
2018-12-14,2018,12,8.1
2018-12-15,2018,12,9.5
2018-12-16,2018,12,5.3
2018-12-17,2018,12,5.8
2018-12-18,2018,12,2.5
2018-12-19,2018,12,2.0
2018-12-20,2018,12,6.0
2018-12-21,2018,12,13.0
2018-12-22,2018,12,8.1
2018-12-23,2018,12,5.3
2018-12-24,2018,12,4.5
2018-12-25,2018,12,3.3
2018-12-26,2018,12,4.1
2018-12-27,2018,12,5.6
2018-12-28,2018,12,10.7
2018-12-29,2018,12,9.9
2018-12-30,2018,12,3.7
2018-12-31,2018,12,5.8
2019-01-01,2019,1,10.6
2019-01-02,2019,1,4.0
2019-01-03,2019,1,5.7
2019-01-04,2019,1,4.8
2019-01-05,2019,1,7.1
2019-01-06,2019,1,6.2
2019-01-07,2019,1,0.2
2019-01-08,2019,1,5.4
2019-01-09,2019,1,5.7
2019-01-10,2019,1,1.3
2019-01-11,2019,1,-1.7
2019-01-12,2019,1,-1.6
2019-01-13,2019,1,-0.3
2019-01-14,2019,1,-0.7
2019-01-15,2019,1,0.7
2019-01-16,2019,1,1.6
2019-01-17,2019,1,-0.2
2019-01-18,2019,1,1.9
2019-01-19,2019,1,2.6
2019-01-20,2019,1,1.3
2019-01-21,2019,1,-10.1
2019-01-22,2019,1,-4.6
2019-01-23,2019,1,3.1
2019-01-24,2019,1,9.8
2019-01-25,2019,1,2.1
2019-01-26,2019,1,-0.9
2019-01-27,2019,1,4.9
2019-01-28,2019,1,-0.2
2019-01-29,2019,1,1.8
2019-01-30,2019,1,-4.6
2019-01-31,2019,1,-11.1
2019-02-01,2019,2,-8.0
2019-02-02,2019,2,-3.2
2019-02-03,2019,2,4.0
2019-02-04,2019,2,7.9
2019-02-05,2019,2,10.4
2019-02-06,2019,2,5.7
2019-02-07,2019,2,5.3
2019-02-08,2019,2,6.1
2019-02-09,2019,2,-0.7
2019-02-10,2019,2,-0.6
2019-02-11,2019,2,1.5
2019-02-12,2019,2,0.3
2019-02-13,2019,2,2.8
2019-02-14,2019,2,4.2
2019-02-15,2019,2,10.0
2019-02-16,2019,2,5.1
2019-02-17,2019,2,1.0
2019-02-18,2019,2,2.3
2019-02-19,2019,2,-0.5
2019-02-20,2019,2,-1.0
2019-02-21,2019,2,5.5
2019-02-22,2019,2,5.5
2019-02-23,2019,2,3.4
2019-02-24,2019,2,5.7
2019-02-25,2019,2,4.0
2019-02-26,2019,2,0.1
2019-02-27,2019,2,-1.7
2019-02-28,2019,2,1.1
2019-03-01,2019,3,0.8
2019-03-02,2019,3,2.5
2019-03-03,2019,3,3.5
2019-03-04,2019,3,2.7
2019-03-05,2019,3,-1.7
2019-03-06,2019,3,-3.7
2019-03-08,2019,3,1.1
2019-03-09,2019,3,5.0
2019-03-10,2019,3,4.1
2019-03-11,2019,3,8.5
2019-03-12,2019,3,4.5
2019-03-14,2019,3,8.2
2019-03-17,2019,3,4.6
2019-03-18,2019,3,4.2
2019-03-19,2019,3,5.4
2019-03-20,2019,3,6.2
2019-03-21,2019,3,7.0
2019-03-22,2019,3,7.0
2019-03-23,2019,3,5.8
2019-03-24,2019,3,9.0
2019-03-25,2019,3,10.1
2019-03-26,2019,3,6.4
2019-03-27,2019,3,4.6
2019-03-28,2019,3,6.2
2019-03-29,2019,3,10.8
2019-03-30,2019,3,13.3
2019-03-31,2019,3,10.7
2019-04-01,2019,4,5.4
2019-04-04,2019,4,11.2
2019-04-07,2019,4,13.5
2019-04-08,2019,4,15.8
2019-04-09,2019,4,8.5
2019-04-10,2019,4,11.5
2019-04-11,2019,4,7.6
2019-04-12,2019,4,12.5
2019-04-13,2019,4,18.4
2019-04-14,2019,4,16.9
2019-04-15,2019,4,13.3
2019-04-16,2019,4,12.3
2019-04-17,2019,4,11.9
2019-04-19,2019,4,18.5
2019-04-20,2019,4,15.4
2019-04-21,2019,4,14.2
2019-04-22,2019,4,14.3
2019-04-23,2019,4,17.4
2019-04-24,2019,4,18.9
2019-04-25,2019,4,12.9
2019-04-26,2019,4,13.2
2019-04-27,2019,4,12.9
2019-04-28,2019,4,10.7
2019-04-29,2019,4,10.3
2019-04-30,2019,4,12.0
2019-05-01,2019,5,11.7
2019-05-02,2019,5,14.2
2019-05-03,2019,5,11.6
2019-05-04,2019,5,14.2
2019-05-05,2019,5,12.4
2019-05-06,2019,5,14.8
2019-05-07,2019,5,15.9
2019-05-08,2019,5,16.7
2019-05-09,2019,5,13.5
2019-05-10,2019,5,17.7
2019-05-11,2019,5,17.8
2019-05-12,2019,5,10.2
2019-05-13,2019,5,8.7
2019-05-14,2019,5,9.5
2019-05-15,2019,5,14.5
2019-05-16,2019,5,17.8
2019-05-17,2019,5,20.0
2019-05-18,2019,5,18.3
2019-05-19,2019,5,19.7
2019-05-20,2019,5,24.5
2019-05-21,2019,5,19.1
2019-05-22,2019,5,19.0
2019-05-23,2019,5,18.0
2019-05-24,2019,5,21.2
2019-05-25,2019,5,17.4
2019-05-26,2019,5,21.9
2019-05-27,2019,5,22.8
2019-05-28,2019,5,19.6
2019-05-29,2019,5,18.0
2019-05-30,2019,5,16.5
2019-05-31,2019,5,21.7
2019-06-01,2019,6,21.4
2019-06-02,2019,6,21.7
2019-06-03,2019,6,18.9
2019-06-04,2019,6,18.2
2019-06-05,2019,6,21.9
2019-06-06,2019,6,24.5
2019-06-07,2019,6,22.0
2019-06-08,2019,6,21.3
2019-06-09,2019,6,20.6
2019-06-10,2019,6,18.2
2019-06-11,2019,6,22.1
2019-06-12,2019,6,20.2
2019-06-13,2019,6,17.6
2019-06-14,2019,6,19.3
2019-06-15,2019,6,22.2
2019-06-16,2019,6,23.3
2019-06-17,2019,6,22.3
2019-06-18,2019,6,20.8
2019-06-19,2019,6,20.0
2019-06-22,2019,6,23.2
2019-06-23,2019,6,24.7
2019-06-24,2019,6,24.9
2019-06-25,2019,6,25.0
2019-06-26,2019,6,26.9
2019-06-27,2019,6,28.0
2019-06-28,2019,6,27.6
2019-06-29,2019,6,26.5
2019-06-30,2019,6,25.5
2019-07-01,2019,7,24.7
2019-07-02,2019,7,26.0
2019-07-03,2019,7,27.0
2019-07-04,2019,7,26.4
2019-07-05,2019,7,25.1
2019-07-06,2019,7,26.5
2019-07-07,2019,7,25.9
2019-07-08,2019,7,23.3
2019-07-09,2019,7,26.0
2019-07-10,2019,7,27.1
2019-07-11,2019,7,25.1
2019-07-12,2019,7,26.4
2019-07-13,2019,7,26.6
2019-07-14,2019,7,28.4
2019-07-15,2019,7,26.7
2019-07-16,2019,7,27.8
2019-07-17,2019,7,28.8
2019-07-18,2019,7,24.4
2019-07-19,2019,7,27.4
2019-07-20,2019,7,31.4
2019-07-21,2019,7,31.7
2019-07-22,2019,7,27.2
2019-07-23,2019,7,22.6
2019-07-24,2019,7,25.1
2019-07-25,2019,7,26.2
2019-07-26,2019,7,26.6
2019-07-27,2019,7,26.3
2019-07-28,2019,7,27.9
2019-07-29,2019,7,28.4
2019-07-30,2019,7,28.8
2019-07-31,2019,7,25.6
2019-08-01,2019,8,26.8
2019-08-02,2019,8,26.5
2019-08-03,2019,8,26.2
2019-08-04,2019,8,26.2
2019-08-05,2019,8,25.3
2019-08-06,2019,8,24.9
2019-08-07,2019,8,24.2
2019-08-08,2019,8,25.0
2019-08-09,2019,8,25.4
2019-08-10,2019,8,25.3
2019-08-11,2019,8,24.5
2019-08-12,2019,8,26.1
2019-08-13,2019,8,24.9
2019-08-14,2019,8,24.5
2019-08-15,2019,8,24.4
2019-08-16,2019,8,24.2
2019-08-17,2019,8,26.2
2019-08-18,2019,8,27.1
2019-08-19,2019,8,26.9
2019-08-20,2019,8,27.5
2019-08-21,2019,8,26.9
2019-08-22,2019,8,27.5
2019-08-23,2019,8,22.7
2019-08-24,2019,8,22.9
2019-08-25,2019,8,22.2
2019-08-26,2019,8,20.7
2019-08-27,2019,8,21.2
2019-08-28,2019,8,22.3
2019-08-29,2019,8,24.7
2019-08-30,2019,8,25.4
2019-08-31,2019,8,25.5
2019-09-01,2019,9,23.0
2019-09-02,2019,9,22.7
2019-09-03,2019,9,24.3
2019-09-04,2019,9,25.3
2019-09-05,2019,9,22.4
2019-09-06,2019,9,19.1
2019-09-07,2019,9,20.4
2019-09-08,2019,9,22.1
2019-09-09,2019,9,22.6
2019-09-10,2019,9,22.6
2019-09-11,2019,9,25.8
2019-09-12,2019,9,24.1
2019-09-13,2019,9,19.4
2019-09-14,2019,9,21.6
2019-09-15,2019,9,24.9
2019-09-16,2019,9,23.0
2019-09-17,2019,9,22.4
2019-09-19,2019,9,18.4
2019-09-20,2019,9,20.4
2019-09-22,2019,9,24.4
2019-09-23,2019,9,26.1
2019-09-24,2019,9,22.9
2019-09-25,2019,9,21.5
2019-09-26,2019,9,21.6
2019-10-08,2019,10,17.2
2019-10-09,2019,10,14.4
2019-10-10,2019,10,17.5
2019-10-11,2019,10,16.4
2019-10-12,2019,10,16.6
2019-10-13,2019,10,16.5
2019-10-14,2019,10,18.5
2019-10-15,2019,10,15.9
2019-10-16,2019,10,16.5
2019-10-17,2019,10,13.2
2019-10-18,2019,10,13.2
2019-10-19,2019,10,12.5
2019-10-20,2019,10,13.6
2019-10-21,2019,10,15.4
2019-10-22,2019,10,15.5
2019-10-23,2019,10,17.1
2019-10-24,2019,10,15.4
2019-10-26,2019,10,15.8
2019-10-27,2019,10,16.4
2019-10-28,2019,10,15.6
2019-10-29,2019,10,14.6
2019-10-30,2019,10,16.6
2019-10-31,2019,10,19.1
2019-11-01,2019,11,12.7
2019-11-02,2019,11,9.9
2019-11-03,2019,11,10.0
2019-11-04,2019,11,11.1
2019-11-05,2019,11,13.9
2019-11-06,2019,11,11.5
2019-11-08,2019,11,4.2
2019-11-09,2019,11,3.4
2019-11-10,2019,11,8.4
2019-11-11,2019,11,12.6
2019-11-12,2019,11,6.6
2019-11-13,2019,11,0.2
2019-11-14,2019,11,4.4
2019-11-15,2019,11,7.4
2019-11-16,2019,11,4.9
2019-11-17,2019,11,4.4
2019-11-18,2019,11,6.0
2019-11-19,2019,11,7.6
2019-11-20,2019,11,7.3
2019-11-21,2019,11,8.7
2019-11-22,2019,11,8.8
2019-11-23,2019,11,5.4
2019-11-24,2019,11,6.6
2019-11-25,2019,11,8.3
2019-11-26,2019,11,11.1
2019-11-27,2019,11,12.1
2019-11-28,2019,11,8.6
2019-11-29,2019,11,3.7
2019-11-30,2019,11,4.6
2019-12-01,2019,12,2.6
2019-12-02,2019,12,3.1
2019-12-03,2019,12,2.2
2019-12-04,2019,12,3.2
2019-12-05,2019,12,4.4
2019-12-06,2019,12,5.7
2019-12-07,2019,12,3.0
2019-12-08,2019,12,3.3
2019-12-09,2019,12,9.4
2019-12-10,2019,12,12.1
2019-12-11,2019,12,2.6
2019-12-12,2019,12,1.0
2019-12-13,2019,12,6.2
2019-12-14,2019,12,10.4
2019-12-15,2019,12,6.5
2019-12-16,2019,12,2.3
2019-12-17,2019,12,1.8
2019-12-18,2019,12,1.0
2019-12-19,2019,12,-4.4
2019-12-20,2019,12,-1.3
2019-12-21,2019,12,-0.2
2019-12-22,2019,12,3.6
2019-12-23,2019,12,7.6
2019-12-24,2019,12,7.1
2019-12-25,2019,12,5.0
2019-12-26,2019,12,5.7
2019-12-27,2019,12,9.6
2019-12-28,2019,12,8.5
2019-12-29,2019,12,6.1
2019-12-30,2019,12,5.2
2019-12-31,2019,12,5.2
2020-01-01,2020,1,3.6
2020-01-02,2020,1,4.7
2020-01-03,2020,1,7.6
2020-01-04,2020,1,8.2
2020-01-05,2020,1,4.6
2020-01-06,2020,1,4.0
2020-01-07,2020,1,4.7
2020-01-08,2020,1,2.6
2020-01-09,2020,1,-0.6
2020-01-10,2020,1,6.4
2020-01-11,2020,1,14.6
2020-01-12,2020,1,15.7
2020-01-14,2020,1,6.3
2020-01-15,2020,1,8.2
2020-01-16,2020,1,6.7
2020-01-17,2020,1,-1.2
2020-01-18,2020,1,-2.2
2020-01-19,2020,1,4.0
2020-01-20,2020,1,-1.7
2020-01-21,2020,1,-1.5
2020-01-22,2020,1,1.0
2020-01-23,2020,1,3.5
2020-01-24,2020,1,6.5
2020-01-25,2020,1,6.6
2020-01-26,2020,1,5.5
2020-01-27,2020,1,5.1
2020-01-28,2020,1,4.9
2020-01-29,2020,1,3.5
2020-01-30,2020,1,1.3
2020-01-31,2020,1,4.3
2020-02-01,2020,2,4.8
2020-02-02,2020,2,3.9
2020-02-03,2020,2,8.0
2020-02-04,2020,2,9.5
2020-02-05,2020,2,6.0
2020-02-06,2020,2,4.7
2020-02-07,2020,2,5.5
2020-02-08,2020,2,2.6
2020-02-09,2020,2,4.1
2020-02-10,2020,2,6.4
2020-02-11,2020,2,7.6
2020-02-12,2020,2,5.9
2020-02-13,2020,2,4.7
2020-02-14,2020,2,0.8
2020-02-15,2020,2,-3.4
2020-02-16,2020,2,2.9
2020-02-17,2020,2,6.9
2020-02-18,2020,2,6.1
2020-02-19,2020,2,7.1
2020-02-20,2020,2,1.0
2020-02-21,2020,2,-0.6
2020-02-22,2020,2,4.4
2020-02-23,2020,2,7.6
2020-02-24,2020,2,8.7
2020-02-25,2020,2,8.5
2020-02-26,2020,2,7.8
2020-02-27,2020,2,4.9
2020-02-28,2020,2,2.1
2020-02-29,2020,2,0.4
2020-03-01,2020,3,2.4
2020-03-02,2020,3,9.1
2020-03-03,2020,3,10.9
2020-03-04,2020,3,10.2
2020-03-05,2020,3,7.6
2020-03-06,2020,3,5.5
2020-03-07,2020,3,5.9
2020-03-08,2020,3,8.0
2020-03-09,2020,3,13.4
2020-03-10,2020,3,14.5
2020-03-11,2020,3,10.8
2020-03-12,2020,3,8.2
2020-03-13,2020,3,13.1
2020-03-14,2020,3,10.1
2020-03-15,2020,3,9.1
2020-03-16,2020,3,5.2
2020-03-17,2020,3,8.3
2020-03-18,2020,3,8.8
2020-03-19,2020,3,8.3
2020-03-20,2020,3,13.6
2020-03-21,2020,3,10.6
2020-03-22,2020,3,5.0
2020-03-23,2020,3,4.3
2020-03-24,2020,3,8.1
2020-03-25,2020,3,6.5
2020-03-26,2020,3,8.7
2020-03-27,2020,3,14.2
2020-03-28,2020,3,9.5
2020-03-29,2020,3,7.9
2020-03-30,2020,3,8.4
2020-03-31,2020,3,6.7
2020-04-01,2020,4,8.7
2020-04-02,2020,4,10.0
2020-04-03,2020,4,10.2
2020-04-04,2020,4,11.0
2020-04-05,2020,4,11.3
2020-04-06,2020,4,13.7
2020-04-07,2020,4,14.0
2020-04-08,2020,4,14.2
2020-04-09,2020,4,10.9
2020-04-10,2020,4,7.2
2020-04-11,2020,4,9.2
2020-04-12,2020,4,12.3
2020-04-13,2020,4,14.6
2020-04-14,2020,4,11.8
2020-04-15,2020,4,9.5
2020-04-16,2020,4,8.2
2020-04-17,2020,4,6.5
2020-04-18,2020,4,7.5
2020-04-19,2020,4,10.4
2020-04-20,2020,4,11.9
2020-04-21,2020,4,10.2
2020-04-22,2020,4,7.7
2020-04-23,2020,4,7.6
2020-04-24,2020,4,8.5
2020-04-25,2020,4,11.8
2020-04-26,2020,4,9.3
2020-04-27,2020,4,7.8
2020-04-28,2020,4,11.8
2020-04-29,2020,4,10.8
2020-04-30,2020,4,12.5
2020-05-01,2020,5,14.6
2020-05-02,2020,5,17.3
2020-05-03,2020,5,18.9
2020-05-04,2020,5,17.7
2020-05-05,2020,5,13.1
2020-05-06,2020,5,10.5
2020-05-07,2020,5,13.9
2020-05-08,2020,5,10.5
2020-05-09,2020,5,6.0
2020-05-10,2020,5,11.1
2020-05-11,2020,5,12.0
2020-05-12,2020,5,11.6
2020-05-13,2020,5,11.9
2020-05-14,2020,5,14.9
2020-05-15,2020,5,21.1
2020-05-16,2020,5,21.0
2020-05-17,2020,5,15.6
2020-05-18,2020,5,16.3
2020-05-19,2020,5,15.7
2020-05-20,2020,5,14.2
2020-05-21,2020,5,14.1
2020-05-22,2020,5,17.6
2020-05-23,2020,5,16.4
2020-05-24,2020,5,15.6
2020-05-25,2020,5,17.0
2020-05-26,2020,5,18.0
2020-05-27,2020,5,18.5
2020-05-28,2020,5,20.0
2020-05-29,2020,5,22.8
2020-05-30,2020,5,23.4
2020-05-31,2020,5,18.8
2020-06-01,2020,6,17.4
2020-06-02,2020,6,19.3
2020-06-03,2020,6,21.0
2020-06-04,2020,6,23.8
2020-06-05,2020,6,22.5
2020-06-06,2020,6,24.8
2020-06-07,2020,6,22.4
2020-06-08,2020,6,21.8
2020-06-09,2020,6,24.5
2020-06-10,2020,6,24.4
2020-06-11,2020,6,23.4
2020-06-12,2020,6,25.0
2020-06-13,2020,6,21.0
2020-06-14,2020,6,18.9
2020-06-15,2020,6,19.6
2020-06-16,2020,6,20.5
2020-06-17,2020,6,20.6
2020-06-18,2020,6,21.0
2020-06-19,2020,6,22.3
2020-06-20,2020,6,24.2
2020-06-21,2020,6,24.8
2020-06-22,2020,6,26.1
2020-06-23,2020,6,25.6
2020-06-24,2020,6,26.4
2020-06-25,2020,6,25.1
2020-06-26,2020,6,25.5
2020-06-27,2020,6,24.1
2020-06-28,2020,6,25.8
2020-06-29,2020,6,25.3
2020-06-30,2020,6,23.1
2020-07-01,2020,7,22.8
2020-07-02,2020,7,26.4
2020-07-03,2020,7,27.8
2020-07-04,2020,7,24.6
2020-07-05,2020,7,26.9
2020-07-06,2020,7,26.1
2020-07-07,2020,7,25.0
2020-07-08,2020,7,25.8
2020-07-09,2020,7,26.7
2020-07-10,2020,7,24.3
2020-07-11,2020,7,26.1
2020-07-12,2020,7,27.3
2020-07-13,2020,7,27.2
2020-07-14,2020,7,27.0
2020-07-15,2020,7,25.0
2020-07-16,2020,7,23.5
2020-07-17,2020,7,24.9
2020-07-18,2020,7,28.3
2020-07-19,2020,7,29.0
2020-07-20,2020,7,30.4
2020-07-21,2020,7,29.4
2020-07-22,2020,7,27.8
2020-07-23,2020,7,26.6
2020-07-24,2020,7,25.0
2020-07-25,2020,7,27.5
2020-07-26,2020,7,29.5
2020-07-27,2020,7,30.3
2020-07-28,2020,7,29.8
2020-07-29,2020,7,29.0
2020-07-30,2020,7,29.2
2020-07-31,2020,7,24.7
2020-08-01,2020,8,27.2
2020-08-02,2020,8,28.1
2020-08-03,2020,8,28.4
2020-08-04,2020,8,25.1
2020-08-05,2020,8,27.3
2020-08-06,2020,8,25.5
2020-08-07,2020,8,24.2
2020-08-08,2020,8,25.1
2020-08-09,2020,8,26.4
2020-08-10,2020,8,28.4
2020-08-11,2020,8,28.0
2020-08-12,2020,8,27.8
2020-08-13,2020,8,25.5
2020-08-14,2020,8,27.3
2020-08-15,2020,8,25.8
2020-08-16,2020,8,21.4
2020-08-17,2020,8,23.1
2020-08-18,2020,8,24.3
2020-08-19,2020,8,23.4
2020-08-20,2020,8,24.1
2020-08-21,2020,8,25.4
2020-08-22,2020,8,26.7
2020-08-23,2020,8,26.4
2020-08-24,2020,8,27.8
2020-08-25,2020,8,27.6
2020-08-26,2020,8,24.3
2020-08-27,2020,8,26.3
2020-08-28,2020,8,25.5
2020-08-29,2020,8,24.6
2020-08-30,2020,8,24.4
2020-08-31,2020,8,22.8
2020-09-01,2020,9,23.2
2020-09-02,2020,9,24.3
2020-09-03,2020,9,26.2
2020-09-04,2020,9,26.0
2020-09-05,2020,9,24.1
2020-09-06,2020,9,23.6
2020-09-07,2020,9,23.4
2020-09-08,2020,9,24.2
2020-09-09,2020,9,24.3
2020-09-10,2020,9,24.9
2020-09-11,2020,9,24.0
2020-09-12,2020,9,20.7
2020-09-13,2020,9,22.0
2020-09-14,2020,9,22.9
2020-09-15,2020,9,17.6
2020-09-16,2020,9,19.2
2020-09-17,2020,9,21.4
2020-09-18,2020,9,20.5
2020-09-19,2020,9,16.2
2020-09-20,2020,9,16.1
2020-09-21,2020,9,16.8
2020-09-22,2020,9,18.1
2020-09-23,2020,9,21.7
2020-09-24,2020,9,21.2
2020-09-25,2020,9,20.9
2020-09-26,2020,9,21.0
2020-09-27,2020,9,22.6
2020-09-28,2020,9,22.7
2020-09-29,2020,9,21.7
2020-09-30,2020,9,19.6
2020-10-01,2020,10,19.3
2020-10-02,2020,10,17.2
2020-10-03,2020,10,16.8
2020-10-06,2020,10,18.0
2020-10-07,2020,10,19.3
2020-10-08,2020,10,16.7
2020-10-09,2020,10,16.9
2020-10-10,2020,10,18.8
2020-10-11,2020,10,18.6
2020-10-12,2020,10,13.1
2020-10-13,2020,10,14.7
2020-10-14,2020,10,16.5
2020-10-15,2020,10,18.5
2020-10-16,2020,10,15.0
2020-10-17,2020,10,13.1
2020-10-18,2020,10,14.5
2020-10-19,2020,10,16.5
2020-10-20,2020,10,18.1
2020-10-21,2020,10,18.2
2020-10-22,2020,10,18.9
2020-10-23,2020,10,18.0
2020-10-24,2020,10,17.4
2020-10-25,2020,10,11.1
2020-10-26,2020,10,13.6
2020-10-27,2020,10,14.8
2020-10-28,2020,10,13.7
2020-10-29,2020,10,12.0
2020-10-30,2020,10,7.4
2020-10-31,2020,10,6.8
2020-11-01,2020,11,11.0
2020-11-02,2020,11,7.1
2020-11-03,2020,11,9.6
2020-11-04,2020,11,12.5
2020-11-05,2020,11,14.9
2020-11-06,2020,11,16.7
2020-11-07,2020,11,17.9
2020-11-08,2020,11,17.1
2020-11-09,2020,11,17.5
2020-11-10,2020,11,18.5
2020-11-11,2020,11,19.0
2020-11-12,2020,11,14.1
2020-11-13,2020,11,10.5
2020-11-14,2020,11,10.4
2020-11-15,2020,11,11.6
2020-11-16,2020,11,11.3
2020-11-17,2020,11,7.6
2020-11-18,2020,11,3.0
2020-11-19,2020,11,5.3
2020-11-20,2020,11,12.0
2020-11-21,2020,11,13.6
2020-11-22,2020,11,10.4
2020-11-23,2020,11,11.6
2020-11-24,2020,11,8.2
2020-11-25,2020,11,10.4
2020-11-26,2020,11,15.1
2020-11-27,2020,11,13.0
2020-11-28,2020,11,11.0
2020-11-29,2020,11,9.5
2020-11-30,2020,11,13.9
2020-12-01,2020,12,10.1
2020-12-02,2020,12,5.0
2020-12-03,2020,12,6.5
2020-12-04,2020,12,8.6
2020-12-05,2020,12,7.1
2020-12-06,2020,12,4.3
2020-12-07,2020,12,3.0
2020-12-08,2020,12,2.2
2020-12-09,2020,12,2.3
2020-12-10,2020,12,6.7
2020-12-11,2020,12,9.1
2020-12-12,2020,12,11.1
2020-12-13,2020,12,12.0
2020-12-14,2020,12,5.7
2020-12-15,2020,12,3.2
2020-12-16,2020,12,-0.3
2020-12-17,2020,12,0.1
2020-12-18,2020,12,-0.4
2020-12-19,2020,12,-1.0
2020-12-20,2020,12,2.2
2020-12-21,2020,12,5.2
2020-12-22,2020,12,5.7
2020-12-23,2020,12,5.2
2020-12-24,2020,12,11.6
2020-12-25,2020,12,9.1
2020-12-26,2020,12,-1.3
2020-12-27,2020,12,0.4
2020-12-28,2020,12,6.8
2020-12-29,2020,12,3.8
2020-12-30,2020,12,2.3
2020-12-31,2020,12,6.3
